-- MySQL dump 10.17  Distrib 10.3.13-MariaDB, for Linux (x86_64)
--
-- Host: localhost    Database: testdb
-- ------------------------------------------------------
-- Server version	10.3.13-MariaDB

/*!40101 SET @OLD_CHARACTER_SET_CLIENT=@@CHARACTER_SET_CLIENT */;
/*!40101 SET @OLD_CHARACTER_SET_RESULTS=@@CHARACTER_SET_RESULTS */;
/*!40101 SET @OLD_COLLATION_CONNECTION=@@COLLATION_CONNECTION */;
/*!40101 SET NAMES utf8mb4 */;
/*!40103 SET @OLD_TIME_ZONE=@@TIME_ZONE */;
/*!40103 SET TIME_ZONE='+00:00' */;
/*!40014 SET @OLD_UNIQUE_CHECKS=@@UNIQUE_CHECKS, UNIQUE_CHECKS=0 */;
/*!40014 SET @OLD_FOREIGN_KEY_CHECKS=@@FOREIGN_KEY_CHECKS, FOREIGN_KEY_CHECKS=0 */;
/*!40101 SET @OLD_SQL_MODE=@@SQL_MODE, SQL_MODE='NO_AUTO_VALUE_ON_ZERO' */;
/*!40111 SET @OLD_SQL_NOTES=@@SQL_NOTES, SQL_NOTES=0 */;

--
-- Table structure for table `Calendario`
--

DROP TABLE IF EXISTS `Calendario`;
/*!40101 SET @saved_cs_client     = @@character_set_client */;
/*!40101 SET character_set_client = utf8 */;
CREATE TABLE `Calendario` (
  `id` int(11) NOT NULL AUTO_INCREMENT,
  `campionato` int(11) NOT NULL,
  `giornata` int(2) NOT NULL,
  `AR` char(1) NOT NULL,
  `data` varchar(10) NOT NULL,
  `locali` int(11) NOT NULL,
  `ospiti` int(11) NOT NULL,
  PRIMARY KEY (`id`),
  KEY `campionato` (`campionato`),
  KEY `locali` (`locali`),
  KEY `ospiti` (`ospiti`),
  CONSTRAINT `Calendario_ibfk_1` FOREIGN KEY (`campionato`) REFERENCES `Campionati` (`id`),
  CONSTRAINT `Calendario_ibfk_2` FOREIGN KEY (`locali`) REFERENCES `Squadre` (`id`),
  CONSTRAINT `Calendario_ibfk_3` FOREIGN KEY (`ospiti`) REFERENCES `Squadre` (`id`)
) ENGINE=InnoDB AUTO_INCREMENT=381 DEFAULT CHARSET=latin1;
/*!40101 SET character_set_client = @saved_cs_client */;

--
-- Dumping data for table `Calendario`
--

LOCK TABLES `Calendario` WRITE;
/*!40000 ALTER TABLE `Calendario` DISABLE KEYS */;
INSERT INTO `Calendario` VALUES (1,1,1,'A','2016-08-20',1,2),(2,1,1,'A','2016-08-20',3,4),(3,1,1,'A','2016-08-21',5,6),(4,1,1,'A','2016-08-21',7,8),(5,1,1,'A','2016-08-21',9,10),(6,1,1,'A','2016-08-21',11,12),(7,1,1,'A','2016-08-21',13,14),(8,1,1,'A','2016-08-21',15,16),(9,1,1,'A','2016-08-21',17,18),(10,1,1,'A','2016-08-21',19,20),(11,1,2,'A','2016-08-27',6,3),(12,1,2,'A','2016-08-27',20,15),(13,1,2,'A','2016-08-28',14,1),(14,1,2,'A','2016-08-28',8,13),(15,1,2,'A','2016-08-28',4,9),(16,1,2,'A','2016-08-28',10,17),(17,1,2,'A','2016-08-28',12,5),(18,1,2,'A','2016-08-28',18,19),(19,1,2,'A','2016-08-28',16,7),(20,1,2,'A','2016-08-28',2,11),(21,1,3,'A','2016-09-10',3,18),(22,1,3,'A','2016-09-10',17,20),(23,1,3,'A','2016-09-11',5,16),(24,1,3,'A','2016-09-11',7,14),(25,1,3,'A','2016-09-11',9,6),(26,1,3,'A','2016-12-15',13,4),(27,1,3,'A','2016-09-11',15,2),(28,1,3,'A','2016-09-11',19,10),(29,1,3,'A','2016-09-11',1,12),(30,1,3,'A','2016-09-12',11,8),(31,1,4,'A','2016-09-16',12,15),(32,1,4,'A','2016-09-17',6,19),(33,1,4,'A','2016-09-17',20,7),(34,1,4,'A','2016-09-18',14,5),(35,1,4,'A','2016-09-18',8,17),(36,1,4,'A','2016-09-18',4,1),(37,1,4,'A','2016-09-18',10,3),(38,1,4,'A','2016-09-18',18,13),(39,1,4,'A','2016-09-18',16,11),(40,1,4,'A','2016-09-18',2,9),(41,1,5,'A','2016-09-20',15,6),(42,1,5,'A','2016-09-21',5,17),(43,1,5,'A','2016-09-21',7,12),(44,1,5,'A','2016-09-21',9,18),(45,1,5,'A','2016-09-21',11,10),(46,1,5,'A','2016-09-21',13,20),(47,1,5,'A','2016-09-21',3,14),(48,1,5,'A','2016-09-21',19,16),(49,1,5,'A','2016-09-21',1,8),(50,1,5,'A','2016-09-21',2,4),(51,1,6,'A','2016-09-24',20,9),(52,1,6,'A','2016-09-24',17,3),(53,1,6,'A','2016-09-25',4,15),(54,1,6,'A','2016-09-25',13,19),(55,1,6,'A','2016-09-25',10,7),(56,1,6,'A','2016-09-25',6,11),(57,1,6,'A','2016-09-25',18,2),(58,1,6,'A','2016-09-25',16,1),(59,1,6,'A','2016-09-26',14,12),(60,1,6,'A','2016-09-26',8,5),(61,1,7,'A','2016-10-02',5,20),(62,1,7,'A','2016-10-02',7,13),(63,1,7,'A','2016-10-02',14,8),(64,1,7,'A','2016-10-02',11,3),(65,1,7,'A','2016-10-02',15,18),(66,1,7,'A','2016-10-02',19,9),(67,1,7,'A','2016-10-02',1,10),(68,1,7,'A','2016-10-02',12,17),(69,1,7,'A','2016-10-02',16,4),(70,1,7,'A','2016-10-02',2,6),(71,1,8,'A','2016-10-16',9,15),(72,1,8,'A','2016-10-16',4,5),(73,1,8,'A','2016-10-16',13,11),(74,1,8,'A','2016-10-16',10,14),(75,1,8,'A','2016-10-16',3,2),(76,1,8,'A','2016-10-16',6,7),(77,1,8,'A','2016-10-16',20,1),(78,1,8,'A','2016-10-16',17,16),(79,1,8,'A','2016-10-16',19,12),(80,1,8,'A','2016-10-16',18,8),(81,1,9,'A','2016-10-23',5,10),(82,1,9,'A','2016-10-23',7,18),(83,1,9,'A','2016-10-23',14,4),(84,1,9,'A','2016-10-23',8,20),(85,1,9,'A','2016-10-23',11,9),(86,1,9,'A','2016-10-23',15,3),(87,1,9,'A','2016-10-23',1,17),(88,1,9,'A','2016-10-23',12,13),(89,1,9,'A','2016-10-23',16,6),(90,1,9,'A','2016-10-23',2,19),(91,1,10,'A','2016-10-26',9,7),(92,1,10,'A','2016-10-26',4,8),(93,1,10,'A','2016-10-26',13,15),(94,1,10,'A','2016-10-26',10,16),(95,1,10,'A','2016-10-26',3,12),(96,1,10,'A','2016-10-26',6,14),(97,1,10,'A','2016-10-26',20,11),(98,1,10,'A','2016-10-26',17,2),(99,1,10,'A','2016-10-26',19,5),(100,1,10,'A','2016-10-26',18,1),(101,1,11,'A','2016-10-30',5,13),(102,1,11,'A','2016-10-30',7,4),(103,1,11,'A','2016-10-30',14,17),(104,1,11,'A','2016-10-30',8,9),(105,1,11,'A','2016-10-30',11,1),(106,1,11,'A','2016-10-30',3,20),(107,1,11,'A','2016-10-30',6,18),(108,1,11,'A','2016-10-30',15,19),(109,1,11,'A','2016-10-30',12,10),(110,1,11,'A','2016-10-30',2,16),(111,1,12,'A','2016-11-06',9,3),(112,1,12,'A','2016-11-06',4,12),(113,1,12,'A','2016-11-06',13,2),(114,1,12,'A','2016-11-06',10,8),(115,1,12,'A','2016-11-06',20,6),(116,1,12,'A','2016-11-06',17,15),(117,1,12,'A','2016-11-06',19,11),(118,1,12,'A','2016-11-06',1,7),(119,1,12,'A','2016-11-06',18,5),(120,1,12,'A','2016-11-06',16,14),(121,1,13,'A','2016-11-20',5,1),(122,1,13,'A','2016-11-20',7,17),(123,1,13,'A','2016-11-20',9,14),(124,1,13,'A','2016-11-20',8,16),(125,1,13,'A','2016-11-20',11,4),(126,1,13,'A','2016-11-20',3,19),(127,1,13,'A','2016-11-20',6,13),(128,1,13,'A','2016-11-20',15,10),(129,1,13,'A','2016-11-20',12,18),(130,1,13,'A','2016-11-20',2,20),(131,1,14,'A','2016-11-27',7,5),(132,1,14,'A','2016-11-27',14,2),(133,1,14,'A','2016-11-27',8,12),(134,1,14,'A','2016-11-27',11,15),(135,1,14,'A','2016-11-27',13,3),(136,1,14,'A','2016-11-27',10,4),(137,1,14,'A','2016-11-27',20,18),(138,1,14,'A','2016-11-27',17,6),(139,1,14,'A','2016-11-27',1,19),(140,1,14,'A','2016-11-27',16,9),(141,1,15,'A','2016-12-04',9,13),(142,1,15,'A','2016-12-04',4,17),(143,1,15,'A','2016-12-04',3,5),(144,1,15,'A','2016-12-04',6,1),(145,1,15,'A','2016-12-04',15,8),(146,1,15,'A','2016-12-04',20,10),(147,1,15,'A','2016-12-04',19,14),(148,1,15,'A','2016-12-04',12,16),(149,1,15,'A','2016-12-04',18,11),(150,1,15,'A','2016-12-04',2,7),(151,1,16,'A','2016-12-11',5,2),(152,1,16,'A','2016-12-11',7,11),(153,1,16,'A','2016-12-11',14,20),(154,1,16,'A','2016-12-11',8,19),(155,1,16,'A','2016-12-11',4,18),(156,1,16,'A','2016-12-11',10,13),(157,1,16,'A','2016-12-11',17,9),(158,1,16,'A','2016-12-11',1,15),(159,1,16,'A','2016-12-11',12,6),(160,1,16,'A','2016-12-11',16,3),(161,1,17,'A','2016-12-18',9,12),(162,1,17,'A','2016-12-18',11,14),(163,1,17,'A','2016-12-18',13,17),(164,1,17,'A','2016-12-18',3,1),(165,1,17,'A','2016-12-18',6,4),(166,1,17,'A','2016-12-18',15,5),(167,1,17,'A','2016-12-18',20,16),(168,1,17,'A','2016-12-18',19,7),(169,1,17,'A','2016-12-18',18,10),(170,1,17,'A','2016-12-18',2,8),(171,1,18,'A','2016-12-22',5,11),(172,1,18,'A','2017-02-08',7,15),(173,1,18,'A','2016-12-22',14,18),(174,1,18,'A','2017-02-08',8,3),(175,1,18,'A','2016-12-22',4,20),(176,1,18,'A','2016-12-22',10,6),(177,1,18,'A','2016-12-22',17,19),(178,1,18,'A','2016-12-22',1,9),(179,1,18,'A','2016-12-22',12,2),(180,1,18,'A','2016-12-22',16,13),(181,1,19,'A','2017-01-08',9,5),(182,1,19,'A','2017-01-08',11,17),(183,1,19,'A','2017-01-08',13,1),(184,1,19,'A','2017-01-08',3,7),(185,1,19,'A','2017-01-08',6,8),(186,1,19,'A','2017-01-08',15,14),(187,1,19,'A','2017-01-08',20,12),(188,1,19,'A','2017-02-02',19,4),(189,1,19,'A','2017-01-08',18,16),(190,1,19,'A','2017-01-08',2,10),(191,1,1,'R','2017-01-15',6,5),(192,1,1,'R','2017-01-15',8,7),(193,1,1,'R','2017-01-15',10,9),(194,1,1,'R','2017-01-15',12,11),(195,1,1,'R','2017-01-15',14,13),(196,1,1,'R','2017-01-15',4,3),(197,1,1,'R','2017-01-15',16,15),(198,1,1,'R','2017-01-15',18,17),(199,1,1,'R','2017-01-15',20,19),(200,1,1,'R','2017-01-15',2,1),(201,1,2,'R','2017-01-22',1,14),(202,1,2,'R','2017-01-22',13,8),(203,1,2,'R','2017-01-22',9,4),(204,1,2,'R','2017-01-22',17,10),(205,1,2,'R','2017-01-22',3,6),(206,1,2,'R','2017-01-22',15,20),(207,1,2,'R','2017-01-22',5,12),(208,1,2,'R','2017-01-22',19,18),(209,1,2,'R','2017-01-22',7,16),(210,1,2,'R','2017-01-22',11,2),(211,1,3,'R','2017-01-29',16,5),(212,1,3,'R','2017-01-29',14,7),(213,1,3,'R','2017-01-29',6,9),(214,1,3,'R','2017-01-29',8,11),(215,1,3,'R','2017-01-29',4,13),(216,1,3,'R','2017-01-29',18,3),(217,1,3,'R','2017-01-29',2,15),(218,1,3,'R','2017-01-29',20,17),(219,1,3,'R','2017-01-29',10,19),(220,1,3,'R','2017-01-29',12,1),(221,1,4,'R','2017-02-05',5,14),(222,1,4,'R','2017-02-05',17,8),(223,1,4,'R','2017-02-05',1,4),(224,1,4,'R','2017-02-05',3,10),(225,1,4,'R','2017-02-05',19,6),(226,1,4,'R','2017-02-05',7,20),(227,1,4,'R','2017-02-05',15,12),(228,1,4,'R','2017-02-05',13,18),(229,1,4,'R','2017-02-05',11,16),(230,1,4,'R','2017-02-05',9,2),(231,1,5,'R','2017-02-12',17,5),(232,1,5,'R','2017-02-12',12,7),(233,1,5,'R','2017-02-12',18,9),(234,1,5,'R','2017-02-12',10,11),(235,1,5,'R','2017-02-12',20,13),(236,1,5,'R','2017-02-12',6,15),(237,1,5,'R','2017-02-12',14,3),(238,1,5,'R','2017-02-12',16,19),(239,1,5,'R','2017-02-12',8,1),(240,1,5,'R','2017-02-12',4,2),(241,1,6,'R','2017-02-19',12,14),(242,1,6,'R','2017-02-19',5,8),(243,1,6,'R','2017-02-19',15,4),(244,1,6,'R','2017-02-19',19,13),(245,1,6,'R','2017-02-19',7,10),(246,1,6,'R','2017-02-19',11,6),(247,1,6,'R','2017-02-19',9,20),(248,1,6,'R','2017-02-19',3,17),(249,1,6,'R','2017-02-19',2,18),(250,1,6,'R','2017-02-19',1,16),(251,1,7,'R','2017-02-26',20,5),(252,1,7,'R','2017-02-26',13,7),(253,1,7,'R','2017-02-26',8,14),(254,1,7,'R','2017-02-26',3,11),(255,1,7,'R','2017-02-26',18,15),(256,1,7,'R','2017-02-26',9,19),(257,1,7,'R','2017-02-26',10,1),(258,1,7,'R','2017-02-26',17,12),(259,1,7,'R','2017-02-26',4,16),(260,1,7,'R','2017-02-26',6,2),(261,1,8,'R','2017-03-05',15,9),(262,1,8,'R','2017-03-05',5,4),(263,1,8,'R','2017-03-05',11,13),(264,1,8,'R','2017-03-05',14,10),(265,1,8,'R','2017-03-05',2,3),(266,1,8,'R','2017-03-05',7,6),(267,1,8,'R','2017-03-05',1,20),(268,1,8,'R','2017-03-05',16,17),(269,1,8,'R','2017-03-05',12,19),(270,1,8,'R','2017-03-05',8,18),(271,1,9,'R','2017-03-12',10,5),(272,1,9,'R','2017-03-12',18,7),(273,1,9,'R','2017-03-12',4,14),(274,1,9,'R','2017-03-12',20,8),(275,1,9,'R','2017-03-12',9,11),(276,1,9,'R','2017-03-12',3,15),(277,1,9,'R','2017-03-12',17,1),(278,1,9,'R','2017-03-12',13,12),(279,1,9,'R','2017-03-12',6,16),(280,1,9,'R','2017-03-12',19,2),(281,1,10,'R','2017-03-19',7,9),(282,1,10,'R','2017-03-19',8,4),(283,1,10,'R','2017-03-19',15,13),(284,1,10,'R','2017-03-19',16,10),(285,1,10,'R','2017-03-19',12,3),(286,1,10,'R','2017-03-19',14,6),(287,1,10,'R','2017-03-19',11,20),(288,1,10,'R','2017-03-19',2,17),(289,1,10,'R','2017-03-19',5,19),(290,1,10,'R','2017-03-19',1,18),(291,1,11,'R','2017-04-02',13,5),(292,1,11,'R','2017-04-02',4,7),(293,1,11,'R','2017-04-02',17,14),(294,1,11,'R','2017-04-02',9,8),(295,1,11,'R','2017-04-02',1,11),(296,1,11,'R','2017-04-02',20,3),(297,1,11,'R','2017-04-02',18,6),(298,1,11,'R','2017-04-02',19,15),(299,1,11,'R','2017-04-02',10,12),(300,1,11,'R','2017-04-02',16,2),(301,1,12,'R','2017-04-09',3,9),(302,1,12,'R','2017-04-09',12,4),(303,1,12,'R','2017-04-09',2,13),(304,1,12,'R','2017-04-09',8,10),(305,1,12,'R','2017-04-09',6,20),(306,1,12,'R','2017-04-09',15,17),(307,1,12,'R','2017-04-09',11,19),(308,1,12,'R','2017-04-09',7,1),(309,1,12,'R','2017-04-09',5,18),(310,1,12,'R','2017-04-09',14,16),(311,1,13,'R','2017-04-15',1,5),(312,1,13,'R','2017-04-15',17,7),(313,1,13,'R','2017-04-15',14,9),(314,1,13,'R','2017-04-15',16,8),(315,1,13,'R','2017-04-15',4,11),(316,1,13,'R','2017-04-15',19,3),(317,1,13,'R','2017-04-15',13,6),(318,1,13,'R','2017-04-15',10,15),(319,1,13,'R','2017-04-15',18,12),(320,1,13,'R','2017-04-15',20,2),(321,1,14,'R','2017-04-23',5,7),(322,1,14,'R','2017-04-23',2,14),(323,1,14,'R','2017-04-23',12,8),(324,1,14,'R','2017-04-23',15,11),(325,1,14,'R','2017-04-23',3,13),(326,1,14,'R','2017-04-23',4,10),(327,1,14,'R','2017-04-23',18,20),(328,1,14,'R','2017-04-23',6,17),(329,1,14,'R','2017-04-23',19,1),(330,1,14,'R','2017-04-23',9,16),(331,1,15,'R','2017-04-30',13,9),(332,1,15,'R','2017-04-30',17,4),(333,1,15,'R','2017-04-30',5,3),(334,1,15,'R','2017-04-30',1,6),(335,1,15,'R','2017-04-30',8,15),(336,1,15,'R','2017-04-30',10,20),(337,1,15,'R','2017-04-30',14,19),(338,1,15,'R','2017-04-30',16,12),(339,1,15,'R','2017-04-30',11,18),(340,1,15,'R','2017-04-30',7,2),(341,1,16,'R','2017-05-07',2,5),(342,1,16,'R','2017-05-07',11,7),(343,1,16,'R','2017-05-07',20,14),(344,1,16,'R','2017-05-07',19,8),(345,1,16,'R','2017-05-07',18,4),(346,1,16,'R','2017-05-07',13,10),(347,1,16,'R','2017-05-07',9,17),(348,1,16,'R','2017-05-07',15,1),(349,1,16,'R','2017-05-07',6,12),(350,1,16,'R','2017-05-07',3,16),(351,1,17,'R','2017-05-14',12,9),(352,1,17,'R','2017-05-14',14,11),(353,1,17,'R','2017-05-14',17,13),(354,1,17,'R','2017-05-14',1,3),(355,1,17,'R','2017-05-14',4,6),(356,1,17,'R','2017-05-14',5,15),(357,1,17,'R','2017-05-14',16,20),(358,1,17,'R','2017-05-14',7,19),(359,1,17,'R','2017-05-14',10,18),(360,1,17,'R','2017-05-14',8,2),(361,1,18,'R','2017-05-21',11,5),(362,1,18,'R','2017-05-21',15,7),(363,1,18,'R','2017-05-21',18,14),(364,1,18,'R','2017-05-21',3,8),(365,1,18,'R','2017-05-21',20,4),(366,1,18,'R','2017-05-21',6,10),(367,1,18,'R','2017-05-21',19,17),(368,1,18,'R','2017-05-21',9,1),(369,1,18,'R','2017-05-21',2,12),(370,1,18,'R','2017-05-21',13,16),(371,1,19,'R','2017-05-28',5,9),(372,1,19,'R','2017-05-28',17,11),(373,1,19,'R','2017-05-28',1,13),(374,1,19,'R','2017-05-28',7,3),(375,1,19,'R','2017-05-28',8,6),(376,1,19,'R','2017-05-28',14,15),(377,1,19,'R','2017-05-28',12,20),(378,1,19,'R','2017-05-28',4,19),(379,1,19,'R','2017-05-28',16,18),(380,1,19,'R','2017-05-28',10,2);
/*!40000 ALTER TABLE `Calendario` ENABLE KEYS */;
UNLOCK TABLES;

--
-- Table structure for table `Campionati`
--

DROP TABLE IF EXISTS `Campionati`;
/*!40101 SET @saved_cs_client     = @@character_set_client */;
/*!40101 SET character_set_client = utf8 */;
CREATE TABLE `Campionati` (
  `id` int(11) NOT NULL AUTO_INCREMENT,
  `nome` varchar(16) NOT NULL,
  PRIMARY KEY (`id`)
) ENGINE=InnoDB AUTO_INCREMENT=2 DEFAULT CHARSET=latin1;
/*!40101 SET character_set_client = @saved_cs_client */;

--
-- Dumping data for table `Campionati`
--

LOCK TABLES `Campionati` WRITE;
/*!40000 ALTER TABLE `Campionati` DISABLE KEYS */;
INSERT INTO `Campionati` VALUES (1,'Serie A 2016/17');
/*!40000 ALTER TABLE `Campionati` ENABLE KEYS */;
UNLOCK TABLES;

--
-- Table structure for table `Risultati`
--

DROP TABLE IF EXISTS `Risultati`;
/*!40101 SET @saved_cs_client     = @@character_set_client */;
/*!40101 SET character_set_client = utf8 */;
CREATE TABLE `Risultati` (
  `id` int(11) NOT NULL AUTO_INCREMENT,
  `partita` int(11) NOT NULL,
  `retiLocali` int(2) NOT NULL,
  `retiOspiti` int(2) NOT NULL,
  PRIMARY KEY (`id`),
  KEY `partita` (`partita`),
  CONSTRAINT `Risultati_ibfk_1` FOREIGN KEY (`partita`) REFERENCES `Calendario` (`id`)
) ENGINE=InnoDB AUTO_INCREMENT=381 DEFAULT CHARSET=latin1;
/*!40101 SET character_set_client = @saved_cs_client */;

--
-- Dumping data for table `Risultati`
--

LOCK TABLES `Risultati` WRITE;
/*!40000 ALTER TABLE `Risultati` DISABLE KEYS */;
INSERT INTO `Risultati` VALUES (1,1,4,0),(2,2,2,1),(3,3,3,4),(4,4,1,0),(5,5,2,0),(6,6,0,1),(7,7,3,1),(8,8,3,2),(9,9,0,1),(10,10,2,2),(11,11,0,1),(12,12,4,2),(13,13,2,2),(14,14,1,3),(15,15,1,0),(16,16,1,1),(17,17,2,1),(18,18,0,3),(19,19,5,1),(20,20,2,0),(21,21,3,1),(22,22,0,3),(23,23,2,1),(24,24,2,1),(25,25,1,1),(26,26,1,0),(27,27,0,1),(28,28,1,2),(29,29,3,2),(30,30,2,1),(31,31,0,1),(32,32,3,0),(33,33,3,1),(34,34,3,0),(35,35,1,1),(36,36,1,0),(37,37,2,1),(38,38,2,0),(39,39,0,0),(40,40,1,2),(41,41,2,0),(42,42,0,1),(43,43,2,0),(44,44,2,1),(45,45,0,2),(46,46,0,0),(47,47,4,0),(48,48,0,0),(49,49,4,0),(50,50,2,2),(51,51,2,0),(52,52,0,1),(53,53,0,0),(54,54,1,1),(55,55,1,1),(56,56,2,0),(57,57,1,0),(58,58,3,1),(59,59,2,1),(60,60,1,3),(61,61,1,0),(62,62,0,1),(63,63,2,1),(64,64,0,3),(65,65,4,3),(66,66,0,2),(67,67,2,1),(68,68,1,1),(69,69,2,1),(70,70,0,3),(71,71,1,3),(72,72,0,0),(73,73,0,0),(74,74,1,2),(75,75,2,1),(76,76,1,1),(77,77,1,3),(78,78,1,4),(79,79,1,1),(80,80,2,1),(81,81,2,1),(82,82,1,1),(83,83,3,5),(84,84,1,2),(85,85,0,0),(86,86,1,0),(87,87,4,1),(88,88,2,1),(89,89,2,2),(90,90,3,1),(91,91,1,1),(92,92,1,1),(93,93,3,0),(94,94,2,1),(95,95,4,1),(96,96,4,1),(97,97,2,0),(98,98,1,3),(99,99,0,1),(100,100,1,3),(101,101,3,0),(102,102,0,1),(103,103,2,1),(104,104,2,0),(105,105,0,0),(106,106,2,1),(107,107,2,1),(108,108,1,0),(109,109,1,0),(110,110,2,2),(111,111,1,2),(112,112,1,1),(113,113,1,1),(114,114,3,0),(115,115,1,1),(116,116,1,2),(117,117,0,4),(118,118,3,0),(119,119,0,3),(120,120,5,1),(121,121,2,1),(122,122,3,1),(123,123,1,0),(124,124,0,2),(125,125,0,4),(126,126,3,0),(127,127,3,1),(128,128,2,2),(129,129,3,2),(130,130,1,2),(131,131,0,2),(132,132,2,1),(133,133,1,1),(134,134,1,4),(135,135,3,1),(136,136,4,2),(137,137,1,1),(138,138,0,1),(139,139,3,2),(140,140,2,1),(141,141,0,0),(142,142,2,1),(143,143,3,1),(144,144,0,2),(145,145,2,1),(146,146,3,0),(147,147,1,1),(148,148,2,0),(149,149,3,0),(150,150,1,0),(151,151,1,3),(152,152,0,0),(153,153,0,5),(154,154,2,1),(155,155,2,1),(156,156,2,0),(157,157,0,2),(158,158,1,0),(159,159,1,2),(160,160,1,3),(161,161,2,1),(162,162,2,0),(163,163,3,4),(164,164,1,0),(165,165,3,1),(166,166,0,0),(167,167,5,3),(168,168,0,3),(169,169,0,1),(170,170,2,0),(171,171,2,1),(172,172,0,1),(173,173,4,3),(174,174,0,2),(175,175,3,3),(176,176,3,0),(177,177,1,1),(178,178,3,1),(179,179,0,0),(180,180,1,0),(181,181,1,4),(182,182,1,0),(183,183,0,1),(184,184,3,0),(185,185,1,0),(186,186,1,0),(187,187,2,1),(188,188,1,2),(189,189,0,0),(190,190,1,2),(191,191,2,1),(192,192,0,1),(193,193,3,1),(194,194,0,0),(195,195,4,1),(196,196,2,1),(197,197,2,2),(198,198,4,1),(199,199,3,1),(200,200,0,1),(201,201,1,0),(202,202,2,2),(203,203,0,3),(204,204,0,1),(205,205,2,0),(206,206,1,2),(207,207,1,0),(208,208,1,3),(209,209,2,0),(210,210,1,0),(211,211,1,1),(212,212,1,1),(213,213,0,1),(214,214,4,1),(215,215,3,3),(216,216,0,2),(217,217,2,1),(218,218,1,1),(219,219,3,0),(220,220,3,2),(221,221,2,0),(222,222,1,0),(223,223,4,0),(224,224,1,0),(225,225,2,6),(226,226,1,7),(227,227,0,1),(228,228,0,1),(229,229,1,1),(230,230,0,0),(231,231,1,3),(232,232,3,1),(233,233,1,3),(234,234,2,0),(235,235,2,0),(236,236,1,1),(237,237,0,2),(238,238,5,3),(239,239,0,2),(240,240,3,0),(241,241,1,1),(242,242,1,0),(243,243,2,1),(244,244,5,0),(245,245,0,1),(246,246,1,2),(247,247,1,3),(248,248,4,1),(249,249,1,2),(250,250,4,1),(251,251,0,2),(252,252,1,1),(253,253,1,2),(254,254,2,0),(255,255,0,1),(256,256,2,0),(257,257,1,3),(258,258,1,1),(259,259,2,2),(260,260,1,0),(261,261,3,1),(262,262,0,0),(263,263,0,2),(264,264,1,5),(265,265,1,1),(266,266,0,2),(267,267,1,2),(268,268,3,1),(269,269,3,1),(270,270,0,0),(271,271,7,1),(272,272,0,1),(273,273,1,0),(274,274,3,0),(275,275,4,0),(276,276,2,1),(277,277,0,3),(278,278,0,1),(279,279,3,1),(280,280,1,3),(281,281,4,1),(282,282,0,1),(283,283,1,0),(284,284,2,2),(285,285,0,1),(286,286,0,0),(287,287,2,3),(288,288,4,1),(289,289,3,0),(290,290,3,1),(291,291,0,5),(292,292,1,0),(293,293,1,3),(294,294,1,2),(295,295,2,0),(296,296,1,1),(297,297,1,2),(298,298,1,1),(299,299,1,2),(300,300,2,2),(301,301,2,0),(302,302,2,2),(303,303,3,0),(304,304,2,1),(305,305,0,3),(306,306,4,0),(307,307,1,1),(308,308,0,3),(309,309,1,1),(310,310,2,3),(311,311,1,1),(312,312,0,0),(313,313,4,0),(314,314,1,1),(315,315,1,2),(316,316,0,2),(317,317,2,2),(318,318,2,2),(319,319,2,1),(320,320,3,0),(321,321,3,2),(322,322,2,1),(323,323,1,2),(324,324,1,2),(325,325,4,0),(326,326,5,4),(327,327,2,2),(328,328,6,2),(329,329,1,4),(330,330,1,3),(331,331,1,2),(332,332,2,0),(333,333,2,2),(334,334,1,3),(335,335,1,1),(336,336,0,1),(337,337,1,0),(338,338,1,1),(339,339,1,3),(340,340,4,0),(341,341,1,1),(342,342,3,1),(343,343,3,1),(344,344,0,1),(345,345,2,2),(346,346,1,0),(347,347,1,1),(348,348,1,4),(349,349,7,3),(350,350,1,1),(351,351,1,1),(352,352,3,2),(353,353,1,0),(354,354,3,1),(355,355,3,2),(356,356,1,1),(357,357,0,5),(358,358,3,1),(359,359,1,2),(360,360,1,0),(361,361,0,1),(362,362,3,0),(363,363,6,2),(364,364,3,0),(365,365,4,1),(366,366,1,3),(367,367,2,0),(368,368,3,5),(369,369,1,1),(370,370,2,1),(371,371,1,0),(372,372,2,1),(373,373,3,2),(374,374,1,2),(375,375,3,1),(376,376,2,1),(377,377,2,4),(378,378,2,2),(379,379,5,3),(380,380,5,2);
/*!40000 ALTER TABLE `Risultati` ENABLE KEYS */;
UNLOCK TABLES;

--
-- Temporary table structure for view `Risultati_Serie_A_2016/17`
--

DROP TABLE IF EXISTS `Risultati_Serie_A_2016/17`;
/*!50001 DROP VIEW IF EXISTS `Risultati_Serie_A_2016/17`*/;
SET @saved_cs_client     = @@character_set_client;
SET character_set_client = utf8;
/*!50001 CREATE TABLE `Risultati_Serie_A_2016/17` (
  `giornata` tinyint NOT NULL,
  `girone` tinyint NOT NULL,
  `data` tinyint NOT NULL,
  `locali` tinyint NOT NULL,
  `ospiti` tinyint NOT NULL,
  `retiLocali` tinyint NOT NULL,
  `retiOspiti` tinyint NOT NULL
) ENGINE=MyISAM */;
SET character_set_client = @saved_cs_client;

--
-- Temporary table structure for view `Risultati_Serie_A_2016/17_2`
--

DROP TABLE IF EXISTS `Risultati_Serie_A_2016/17_2`;
/*!50001 DROP VIEW IF EXISTS `Risultati_Serie_A_2016/17_2`*/;
SET @saved_cs_client     = @@character_set_client;
SET character_set_client = utf8;
/*!50001 CREATE TABLE `Risultati_Serie_A_2016/17_2` (
  `giornata` tinyint NOT NULL,
  `squadra` tinyint NOT NULL,
  `casa_fuori` tinyint NOT NULL,
  `reti_fatte` tinyint NOT NULL,
  `reti_subite` tinyint NOT NULL,
  `Punti` tinyint NOT NULL
) ENGINE=MyISAM */;
SET character_set_client = @saved_cs_client;

--
-- Table structure for table `Squadre`
--

DROP TABLE IF EXISTS `Squadre`;
/*!40101 SET @saved_cs_client     = @@character_set_client */;
/*!40101 SET character_set_client = utf8 */;
CREATE TABLE `Squadre` (
  `id` int(11) NOT NULL AUTO_INCREMENT,
  `nome` varchar(16) NOT NULL,
  PRIMARY KEY (`id`)
) ENGINE=InnoDB AUTO_INCREMENT=21 DEFAULT CHARSET=latin1;
/*!40101 SET character_set_client = @saved_cs_client */;

--
-- Dumping data for table `Squadre`
--

LOCK TABLES `Squadre` WRITE;
/*!40000 ALTER TABLE `Squadre` DISABLE KEYS */;
INSERT INTO `Squadre` VALUES (1,'Roma'),(2,'Udinese'),(3,'Juventus'),(4,'Fiorentina'),(5,'Atalanta'),(6,'Lazio'),(7,'Bologna'),(8,'Crotone'),(9,'Chievo'),(10,'Inter'),(11,'Empoli'),(12,'Sampdoria'),(13,'Genoa'),(14,'Cagliari'),(15,'Milan'),(16,'Torino'),(17,'Palermo'),(18,'Sassuolo'),(19,'Pescara'),(20,'Napoli');
/*!40000 ALTER TABLE `Squadre` ENABLE KEYS */;
UNLOCK TABLES;

--
-- Final view structure for view `Risultati_Serie_A_2016/17`
--

/*!50001 DROP TABLE IF EXISTS `Risultati_Serie_A_2016/17`*/;
/*!50001 DROP VIEW IF EXISTS `Risultati_Serie_A_2016/17`*/;
/*!50001 SET @saved_cs_client          = @@character_set_client */;
/*!50001 SET @saved_cs_results         = @@character_set_results */;
/*!50001 SET @saved_col_connection     = @@collation_connection */;
/*!50001 SET character_set_client      = utf8mb4 */;
/*!50001 SET character_set_results     = utf8mb4 */;
/*!50001 SET collation_connection      = utf8mb4_general_ci */;
/*!50001 CREATE ALGORITHM=UNDEFINED */
/*!50013 DEFINER=`testuser`@`localhost` SQL SECURITY DEFINER */
/*!50001 VIEW `Risultati_Serie_A_2016/17` AS select `Cal`.`giornata` AS `giornata`,`Cal`.`AR` AS `girone`,`Cal`.`data` AS `data`,`SC`.`nome` AS `locali`,`SO`.`nome` AS `ospiti`,`Ris`.`retiLocali` AS `retiLocali`,`Ris`.`retiOspiti` AS `retiOspiti` from ((((`Campionati` `Cam` join `Calendario` `Cal` on(`Cal`.`campionato` = `Cam`.`id`)) join `Squadre` `SC` on(`Cal`.`locali` = `SC`.`id`)) join `Squadre` `SO` on(`Cal`.`ospiti` = `SO`.`id`)) left join `Risultati` `Ris` on(`Ris`.`partita` = `Cal`.`id`)) where `Cam`.`id` = 1 order by `Cal`.`AR`,`Cal`.`giornata` */;
/*!50001 SET character_set_client      = @saved_cs_client */;
/*!50001 SET character_set_results     = @saved_cs_results */;
/*!50001 SET collation_connection      = @saved_col_connection */;

--
-- Final view structure for view `Risultati_Serie_A_2016/17_2`
--

/*!50001 DROP TABLE IF EXISTS `Risultati_Serie_A_2016/17_2`*/;
/*!50001 DROP VIEW IF EXISTS `Risultati_Serie_A_2016/17_2`*/;
/*!50001 SET @saved_cs_client          = @@character_set_client */;
/*!50001 SET @saved_cs_results         = @@character_set_results */;
/*!50001 SET @saved_col_connection     = @@collation_connection */;
/*!50001 SET character_set_client      = utf8mb4 */;
/*!50001 SET character_set_results     = utf8mb4 */;
/*!50001 SET collation_connection      = utf8mb4_general_ci */;
/*!50001 CREATE ALGORITHM=UNDEFINED */
/*!50013 DEFINER=`testuser`@`localhost` SQL SECURITY DEFINER */
/*!50001 VIEW `Risultati_Serie_A_2016/17_2` AS select `R`.`giornata` AS `giornata`,`R`.`locali` AS `squadra`,'C' AS `casa_fuori`,`R`.`retiLocali` AS `reti_fatte`,`R`.`retiOspiti` AS `reti_subite`,case when `R`.`retiLocali` > `R`.`retiOspiti` then 3 when `R`.`retiLocali` = `R`.`retiOspiti` then 1 else 0 end AS `Punti` from `Risultati_Serie_A_2016/17` `R` where `R`.`retiLocali` is not null union select `R`.`giornata` AS `giornata`,`R`.`ospiti` AS `squadra`,'F' AS `casa_fuori`,`R`.`retiOspiti` AS `reti_fatte`,`R`.`retiLocali` AS `reti_subite`,case when `R`.`retiOspiti` > `R`.`retiLocali` then 3 when `R`.`retiLocali` = `R`.`retiOspiti` then 1 else 0 end AS `Punti` from `Risultati_Serie_A_2016/17` `R` where `R`.`retiLocali` is not null */;
/*!50001 SET character_set_client      = @saved_cs_client */;
/*!50001 SET character_set_results     = @saved_cs_results */;
/*!50001 SET collation_connection      = @saved_col_connection */;
/*!40103 SET TIME_ZONE=@OLD_TIME_ZONE */;

/*!40101 SET SQL_MODE=@OLD_SQL_MODE */;
/*!40014 SET FOREIGN_KEY_CHECKS=@OLD_FOREIGN_KEY_CHECKS */;
/*!40014 SET UNIQUE_CHECKS=@OLD_UNIQUE_CHECKS */;
/*!40101 SET CHARACTER_SET_CLIENT=@OLD_CHARACTER_SET_CLIENT */;
/*!40101 SET CHARACTER_SET_RESULTS=@OLD_CHARACTER_SET_RESULTS */;
/*!40101 SET COLLATION_CONNECTION=@OLD_COLLATION_CONNECTION */;
/*!40111 SET SQL_NOTES=@OLD_SQL_NOTES */;

-- Dump completed on 2019-03-21 20:43:59
